measuring location,id,datetime,S3 location,IP address,network latency,1kb (retrieval latency),10kb,100kb,1mb,10mb
home,0,16.11-14.00,oregon,54.230.99.246,34,.031158,.028388,.028209,.026788,.037260,
home,1,16.11-15.00,oregon,54.230.98.223,41,.035771,.035264,.029972,.035058,.027095,
home,2,16.11-16.00,oregon,54.230.98.53,74,.037473,.027352,.027978,.032367,.030571,
home,3,16.11-17.00,oregon,54.230.98.24,53,.037256,.027698,.028311,.029579,.028574,
home,4,16.11-18.00,oregon,54.230.99.207,12,.039267,.028617,.027532,.034803,.032188,
home,5,16.11-19.00,oregon,54.230.98.242,44,.027169,.032300,.026903,.041762,.029808,
home,6,16.11-20.00,oregon,54.230.98.154,36,.029453,.034597,.027968,.035902,.032053,
home,7,16.11-21.00,oregon,54.230.98.50,47,.035943,.038513,.026478,.030246,.027215,
home,8,16.11-22.00,oregon,54.230.98.197,45,.038178,.029264,.029840,.031007,.040789,
home,9,16.11-23.00,oregon,54.230.98.242,16,.029405,.043646,.032657,.036399,.037303,
home,10,17.11-00.00,oregon,54.230.99.185,52,.028300,.027630,.028413,.032476,.050877,
home,11,17.11-01.00,oregon,54.230.99.243,43,.035444,.027842,.043375,.032859,.027472,
home,12,17.11-02.00,oregon,54.230.99.158,39,.027394,.036613,.035349,.028179,.031263,
home,13,17.11-03.00,oregon,54.230.99.53,42,.028900,.026848,.312384,.027391,.026726,
home,14,17.11-04.00,oregon,54.230.99.49,46,.031633,.031065,.028396,.030203,.053190,
home,15,17.11-05.00,oregon,54.230.98.195,42,.027529,.027364,.027515,.036849,.034950,
home,16,17.11-06.00,oregon,54.230.99.53,33,.048898,.037338,.038365,.028682,.028726,
home,17,17.11-07.00,oregon,54.230.98.39,42,.028771,.036158,.028827,.030108,.030281,
home,18,17.11-08.00,oregon,54.230.98.166,42,.028715,.032035,.028649,.028339,.028417,
home,19,17.11-09.00,oregon,54.230.98.152,54,.034259,.050470,.028764,.027430,.028542,
home,20,17.11-10.00,oregon,54.230.99.162,52,.028659,.028776,.027727,.036656,.028401,
home,21,17.11-11.00,oregon,54.230.98.31,35,.030573,.027513,.032109,.027215,.031113,
home,22,16.11-14.00,california,54.230.98.248,12,.027706,.027817,.031538,.027772,.028226,
home,23,16.11-15.00,california,54.230.98.175,49,.032690,.029218,.028391,.294907,.039633,
home,24,16.11-16.00,california,54.230.98.19,39,.028876,.031049,.023870,.170337,.029533,
home,25,16.11-17.00,california,54.230.98.58,44,.026808,.034924,.029053,.027349,.027443,
home,26,16.11-18.00,california,54.230.97.201,44,.028469,.028274,.031023,.047451,.032379,
home,27,16.11-19.00,california,54.230.99.89,52,.027924,.037465,.027352,.029629,.029030,
home,28,16.11-20.00,california,54.230.98.173,39,.027552,.029020,.030170,.038418,.032346,
home,29,16.11-21.00,california,54.230.97.233,40,.028692,.042826,.031439,.033126,.028647,
home,30,16.11-22.00,california,54.230.98.24,44,.042875,.038002,.038616,.003722,.031562,
home,31,16.11-23.00,california,54.230.98.202,50,.032716,.034018,.050533,.038122,.037912,
home,32,17.11-00.00,california,54.230.99.158,45,,.029611,.029311,.030628,.030432,
home,33,17.11-01.00,california,54.230.98.78,40,.027950,.028715,.026743,.027875,.032964,
home,34,17.11-02.00,california,54.230.99.193,11,.027084,.027436,.035335,.029400,.029311,
home,35,17.11-03.00,california,54.230.99.246,42,.028580,.028211,.027332,.029031,.029468,
home,36,17.11-04.00,california,54.230.99.53,42,.027088,.044574,.027811,.028462,.029435,
home,37,17.11-05.00,california,54.230.98.71,44,.031296,.030355,.031836,.027551,.027298,
home,38,17.11-06.00,california,54.230.99.193,42,.031962,.029101,.028446,.027444,.028013,
home,39,17.11-07.00,california,54.230.98.86,42,.028811,.029341,.029725,.029133,.056176,
home,40,17.11-08.00,california,54.230.97.191,42,.306537,.030743,.027346,.029330,.028819,
home,41,17.11-09.00,california,54.230.96.94,20,.035721,.031326,.033737,.028062,.030577,
home,42,17.11-10.00,california,54.230.99.246,40,.032236,.028860,.026942,.029580,.028993,
home,43,17.11-11.00,california,54.230.97.250,45,.028548,.029414,.027366,.031666,.028424,
home,44,16.11-14.00,singapore,54.230.98.161,40,.027966,.032175,.031554,.004634,.030911,
home,45,16.11-15.00,singapore,54.230.99.246,42,.031291,.032706,.027512,.040256,.026925,
home,46,16.11-16.00,singapore,54.230.98.134,46,.034552,.039767,.028721,.028999,.029328,
home,47,16.11-17.00,singapore,54.230.99.37,41,.030906,.034484,.028523,.033917,.027349,
home,48,16.11-18.00,singapore,54.230.99.41,43,.022155,.043313,.030075,.029235,.026644,
home,49,16.11-19.00,singapore,54.230.98.53,44,.038620,.030390,.035207,.026812,.028104,
home,50,16.11-20.00,singapore,54.230.98.198,17,.027644,.050998,.026974,.029783,.031469,
home,51,16.11-21.00,singapore,54.230.99.41,50,.027713,.028157,.028063,.048719,.028618,
home,52,16.11-22.00,singapore,54.230.98.248,45,.037475,.031200,.030042,.029092,.038672,
home,53,16.11-23.00,singapore,54.230.99.28,47,.033171,.034120,.030259,.029465,.031852,
home,54,17.11-00.00,singapore,54.230.98.86,50,.032095,.030596,.040240,.035872,.036123,
home,55,17.11-01.00,singapore,54.230.98.222,43,.028141,.028526,.307036,.036315,.029376,
home,56,17.11-02.00,singapore,54.230.99.243,38,.037446,.036609,.030256,.032037,.029572,
home,57,17.11-03.00,singapore,54.230.99.53,44,.029362,.035144,.078298,.028625,.036516,
home,58,17.11-04.00,singapore,192.168.1.2,42,.032223,.028280,.028414,.028548,.014724,
home,59,17.11-05.00,singapore,54.230.99.243,40,.028355,.028534,.241734,.027791,.027420,
home,60,17.11-06.00,singapore,54.230.99.193,44,.029391,.036362,.028887,.005171,.028373,
home,61,17.11-07.00,singapore,54.230.99.64,42,.027511,.028660,.028448,.040805,.040529,
home,62,17.11-08.00,singapore,54.230.98.166,45,.033417,.278224,.032430,.026472,.027416,
home,63,17.11-09.00,singapore,54.230.98.174,43,.074160,.035458,.042259,.027056,.027309,
home,64,17.11-10.00,singapore,54.230.96.123,48,.024884,.028592,.028602,.038611,.036535,
home,65,17.11-11.00,singapore,54.230.98.195,45,.031824,.089969,.027333,.031412,.032705,
home,66,16.11-14.00,ireland,54.230.98.182,35,.028090,.031932,.030239,.049818,.028385,
home,67,16.11-15.00,ireland,54.230.98.175,52,.031064,.004265,.028071,.036359,.038025,
home,68,16.11-16.00,ireland,54.230.98.225,43,.039945,.043076,.031584,.039907,.034673,
home,69,16.11-17.00,ireland,54.230.99.193,41,.027123,.036470,.043025,.038456,.028558,
home,70,16.11-18.00,ireland,54.230.99.162,42,.028564,.028375,.041338,.031452,.037975,
home,71,16.11-19.00,ireland,54.230.97.210,35,.029570,.034540,.027859,.004164,.028467,
home,72,16.11-20.00,ireland,54.230.98.25,40,.029403,.043104,.020137,.038870,.033482,
home,73,16.11-21.00,ireland,54.230.99.98,42,.029231,.028653,.086506,.031224,.029616,
home,74,16.11-22.00,ireland,54.230.98.48,49,.030840,.031941,.306809,.043647,.039854,
home,75,16.11-23.00,ireland,54.230.98.210,44,.029762,.029311,.029273,.036530,.029693,
home,76,17.11-00.00,ireland,54.230.99.246,48,.036405,.027903,.031805,.031779,.029510,
home,77,17.11-01.00,ireland,54.230.98.98,40,.026479,.031249,.028357,.029583,.030409,
home,78,17.11-02.00,ireland,54.230.99.246,81,.028036,.027795,.027319,.031194,.031358,
home,79,17.11-03.00,ireland,54.230.98.130,41,.028657,.030881,.028695,.027992,.027567,
home,80,17.11-04.00,ireland,54.230.98.134,40,.027512,.029012,.038930,.030630,.027763,
home,81,17.11-05.00,ireland,54.230.99.196,41,.028011,.232954,.028234,.027495,.027482,
home,82,17.11-06.00,ireland,54.230.98.85,42,.031518,.033509,.027263,.029089,.027606,
home,83,17.11-07.00,ireland,54.230.98.195,44,.028500,.027546,.026903,.030596,.031642,
home,84,17.11-08.00,ireland,54.230.97.250,33,.029266,.030468,.028481,.030380,.028343,
home,85,17.11-09.00,ireland,54.230.99.162,70,.038867,.032524,.030516,.029722,.028641,
home,86,17.11-10.00,ireland,54.230.99.51,44,.028389,.028413,.036512,.027147,.028160,
home,87,17.11-11.00,ireland,54.230.98.197,43,.027687,.031932,.027534,.032498,.032926,
home,88,16.11-14.00,sydney,54.230.98.156,38,.035883,.041981,.037577,.027927,.027142,
home,89,16.11-15.00,sydney,54.230.99.217,46,.026900,.040515,.031047,.028150,.027548,
home,90,16.11-16.00,sydney,54.230.99.185,43,.065467,.079391,.028379,.031310,.027571,
home,91,16.11-17.00,sydney,54.230.98.48,44,.033426,.029287,.026770,.028132,.027003,
home,92,16.11-18.00,sydney,54.230.98.94,37,.029605,.040014,.032045,.031036,.584529,
home,93,16.11-19.00,sydney,54.230.98.225,41,.027678,.028445,.027594,.039543,.035825,
home,94,16.11-20.00,sydney,54.230.98.240,37,.031742,.035874,.028358,.029544,.040376,
home,95,16.11-21.00,sydney,54.230.98.130,51,.096852,.032985,.032520,.051383,.026176,
home,96,16.11-22.00,sydney,54.230.99.203,73,.033337,.035879,.037057,.054530,.036144,
home,97,16.11-23.00,sydney,54.230.99.62,46,.037969,.305428,.030171,.031619,.034633,
home,98,17.11-00.00,sydney,54.230.99.43,97,.045347,.031752,.030865,.041986,.031217,
home,99,17.11-01.00,sydney,54.230.99.30,45,.032901,.036204,.036628,.029494,.028633,
home,100,17.11-02.00,sydney,54.230.99.196,49,.036008,.027132,.027939,.028059,.032283,
home,101,17.11-03.00,sydney,54.230.99.196,39,.043640,.029397,.029345,.028736,.032053,
home,102,17.11-04.00,sydney,54.230.99.196,44,.027106,.027032,.027625,.028164,.029579,
home,103,17.11-05.00,sydney,54.230.98.98,61,.027158,.030847,.028867,.032080,.027266,
home,104,17.11-06.00,sydney,192.168.1.1,41,.046241,.029402,.030906,.030643,.000455,
home,105,17.11-07.00,sydney,54.230.99.196,39,.030792,.027886,.028734,.029380,.028693,
home,106,17.11-08.00,sydney,54.230.98.197,16,.028600,.027252,.057554,.029870,.028361,
home,107,17.11-09.00,sydney,192.241.187.124,12,.028712,.038134,.033530,.028397,.000133,
home,108,17.11-10.00,sydney,54.230.96.123,40,.028631,.046621,.030944,.031563,.030032,
home,109,17.11-11.00,sydney,,44,.035355,.028345,.031542,.029406,,
home,110,16.11-14.00,usstandard,54.230.99.21,43,.031483,.030368,.018220,.028458,.026539,
home,111,16.11-15.00,usstandard,54.230.99.193,43,.029998,.032766,.032435,.029084,.032347,
home,112,16.11-16.00,usstandard,54.230.99.193,45,.036208,.048624,.054693,.028807,.041051,
home,113,16.11-17.00,usstandard,54.230.99.200,38,.040775,.016933,.028512,.037433,.026515,
home,114,16.11-18.00,usstandard,54.230.98.225,62,.050826,.030300,.037341,.027504,.030285,
home,115,16.11-19.00,usstandard,54.230.99.162,43,.028136,.027903,.029135,.031027,.028652,
home,116,16.11-20.00,usstandard,54.230.99.58,47,.035235,.039005,.085731,.031024,.029161,
home,117,16.11-21.00,usstandard,54.230.98.58,41,.027543,.029893,.033956,.031905,.035779,
home,118,16.11-22.00,usstandard,54.230.98.50,13,.030995,.028520,.040670,.058791,.039222,
home,119,16.11-23.00,usstandard,54.230.98.197,46,.030422,.033366,.039679,.031850,.031769,
home,120,17.11-00.00,usstandard,54.230.98.43,45,.030338,.033193,.039576,.038703,.029482,
home,121,17.11-01.00,usstandard,54.230.99.111,37,.027500,.029377,.036495,.028885,.028567,
home,122,17.11-02.00,usstandard,54.230.98.195,45,.027533,.027675,.039910,.029283,.033773,
home,123,17.11-03.00,usstandard,54.230.98.50,42,.038307,.027609,.029575,.038280,.029952,
home,124,17.11-04.00,usstandard,54.230.99.246,40,.030103,.031001,.027453,.027134,.029706,
home,125,17.11-05.00,usstandard,54.230.99.53,38,.031048,.033089,.029335,.029186,.026879,
home,126,17.11-06.00,usstandard,54.230.98.134,83,.027088,.036533,.026649,.029786,.027403,
home,127,17.11-07.00,usstandard,54.230.98.71,41,.029059,.031064,.030193,.028293,.049020,
home,128,17.11-08.00,usstandard,54.230.96.45,41,.033196,.034709,.030911,.031968,.040429,
home,129,17.11-09.00,usstandard,54.230.98.203,41,.030118,.026400,.054718,.026701,.027510,
home,130,17.11-10.00,usstandard,192.168.1.2,45,.041545,.030213,.035863,.055173,.001826,
home,131,17.11-11.00,usstandard,54.230.98.33,40,.006069,.037658,.028717,.028396,.026966,
home,132,16.11-14.00,saopaulo,54.230.98.53,47,.035834,.027482,.030222,.037265,.036670,
home,133,16.11-15.00,saopaulo,54.230.98.53,42,.027016,.027290,.028355,.027396,.028393,
home,134,16.11-16.00,saopaulo,54.230.98.183,44,.026573,.038221,.046387,.049900,.032350,
home,135,16.11-17.00,saopaulo,54.230.98.182,35,.295206,-1.322630,-2.008827,.032986,.036163,
home,136,16.11-18.00,saopaulo,54.230.98.235,40,.026325,.029045,.027547,.029326,.026777,
home,137,16.11-19.00,saopaulo,54.230.99.63,40,.028677,.030912,.033534,.027910,.037519,
home,138,16.11-20.00,saopaulo,54.230.98.161,10,.044213,.027361,.042229,.030338,.029558,
home,139,16.11-21.00,saopaulo,54.230.99.53,41,.026747,.030188,.046254,.027360,.029133,
home,140,16.11-22.00,saopaulo,54.230.98.222,45,.052332,.033485,.035590,.027780,.028956,
home,141,16.11-23.00,saopaulo,54.230.99.37,43,.040892,.028495,.029583,.029493,.039303,
home,142,17.11-00.00,saopaulo,54.230.99.243,46,.029122,.031244,.035929,.029725,.030329,
home,143,17.11-01.00,saopaulo,54.230.99.43,41,.029272,.028476,.046771,.030824,.027654,
home,144,17.11-02.00,saopaulo,54.230.99.28,36,.032351,.028651,.031564,.029946,.035860,
home,145,17.11-03.00,saopaulo,54.230.98.86,39,.027258,.029652,.042997,.031588,.028891,
home,146,17.11-04.00,saopaulo,54.230.99.246,40,.030767,.036779,.026822,.026471,.027793,
home,147,17.11-05.00,saopaulo,54.230.98.50,43,.042182,.026881,.032194,.026686,.030505,
home,148,17.11-06.00,saopaulo,54.230.99.53,43,.038108,.026576,.027888,.028747,.034026,
home,149,17.11-07.00,saopaulo,54.230.99.196,29,.028693,.033533,.035221,.028324,.055807,
home,150,17.11-08.00,saopaulo,54.230.99.196,34,.029457,.026756,.029573,.038842,.035963,
home,151,17.11-09.00,saopaulo,54.230.99.53,44,.028969,.031223,.026474,.028905,.038528,
home,152,17.11-10.00,saopaulo,54.230.98.5,14,.028265,.031795,.103936,.062137,.035918,
home,153,17.11-11.00,saopaulo,54.230.98.134,43,.028524,.027425,.029855,.029170,.033441,
home,154,16.11-14.00,tokyo,54.230.99.105,33,.034895,.036397,.029565,.029381,.028256,
home,155,16.11-15.00,tokyo,54.230.99.21,36,.028740,.040858,.044846,.030469,.042171,
home,156,16.11-16.00,tokyo,54.230.99.244,35,.033969,.029557,-.171850,.027193,.036374,
home,157,16.11-17.00,tokyo,54.230.98.48,14,.027452,.029564,.032069,.030718,.028491,
home,158,16.11-18.00,tokyo,54.230.98.130,45,.028786,.065875,.068263,.038038,.027561,
home,159,16.11-19.00,tokyo,192.168.1.2,39,.027331,.010970,.027903,.032389,.002887,
home,160,16.11-20.00,tokyo,54.230.99.54,45,.028452,.028744,.000078,.035425,.037138,
home,161,16.11-21.00,tokyo,54.243.222.44,41,.030252,.066753,.029408,.030446,.012740,
home,162,16.11-22.00,tokyo,54.230.98.94,48,.035322,.031030,.036411,.031055,.044655,
home,163,16.11-23.00,tokyo,54.230.98.43,55,.034526,.039639,.029839,.035152,.051697,
home,164,17.11-00.00,tokyo,54.230.99.89,43,.028461,.027969,.032882,.029508,.030565,
home,165,17.11-01.00,tokyo,54.230.97.235,40,.027812,.027965,.030164,.300661,.050262,
home,166,17.11-02.00,tokyo,54.230.98.57,44,.029058,.036753,.027819,.028101,.027614,
home,167,17.11-03.00,tokyo,54.230.99.196,51,.028141,.028006,.026865,.035296,.028268,
home,168,17.11-04.00,tokyo,54.230.98.98,37,.026795,.026916,.029391,.027545,.027501,
home,169,17.11-05.00,tokyo,54.230.99.243,43,.026876,.031888,.029744,.027324,.026942,
home,170,17.11-06.00,tokyo,54.230.98.134,40,.037366,.027095,.034809,.027540,.028456,
home,171,17.11-07.00,tokyo,54.230.98.195,47,.028090,.036285,.030892,.036527,.029409,
home,172,17.11-08.00,tokyo,54.230.99.193,43,.027269,.029766,.027876,.031054,.028774,
home,173,17.11-09.00,tokyo,54.230.96.45,46,.028968,.042576,.028761,.027702,.030128,
home,174,17.11-10.00,tokyo,54.230.98.75,44,.028152,.001610,.029564,.027574,.030126,
home,175,17.11-11.00,tokyo,54.230.98.246,43,.028800,.031215,.034861,.027041,.034313,
home,176,16.11-14.00,frankfurt,54.230.98.161,36,.028243,.029417,.028576,.027988,.037383,
home,177,16.11-15.00,frankfurt,54.230.98.24,45,.035326,.027684,.027335,.029711,.026522,
home,178,16.11-16.00,frankfurt,54.230.99.21,50,.042016,.046445,.037895,.072275,.028045,
home,179,16.11-17.00,frankfurt,54.230.99.41,40,.030797,.028771,.029900,.035765,.028505,
home,180,16.11-18.00,frankfurt,54.230.99.245,45,.032436,.030708,.029690,.030886,.028447,
home,181,16.11-19.00,frankfurt,54.230.99.16,52,.034555,.033822,.030219,.031293,.031237,
home,182,16.11-20.00,frankfurt,54.230.98.56,45,.026757,.030764,.070222,.028660,.029263,
home,183,16.11-21.00,frankfurt,54.230.99.98,16,.035504,.029172,.034754,.027442,.028643,
home,184,16.11-22.00,frankfurt,54.230.97.191,46,.040320,.030257,.034037,.032059,.030050,
home,185,16.11-23.00,frankfurt,54.230.98.127,42,.029300,.033663,.033390,.032139,.028892,
home,186,17.11-00.00,frankfurt,54.230.99.162,54,.035759,.056214,.028952,.030397,.030946,
home,187,17.11-01.00,frankfurt,54.230.99.50,43,.026354,.028466,.058082,.029140,.027107,
home,188,17.11-02.00,frankfurt,54.230.99.49,38,.027993,.065520,.027682,.030940,.038607,
home,189,17.11-03.00,frankfurt,54.230.98.130,49,.027300,.027664,.027450,.031404,.037381,
home,190,17.11-04.00,frankfurt,54.230.97.191,42,.028437,.027501,.027988,.029468,.031617,
home,191,17.11-05.00,frankfurt,54.230.99.196,47,.026659,.029352,.032160,.031597,.031334,
home,192,17.11-06.00,frankfurt,54.230.99.158,34,.028157,.030066,.027235,.027692,.028529,
home,193,17.11-07.00,frankfurt,54.230.99.162,43,.027710,.027104,.027851,.032160,.030793,
home,194,17.11-08.00,frankfurt,54.230.98.86,42,.027172,.026538,.029450,.028786,.038608,
home,195,17.11-09.00,frankfurt,54.230.97.191,45,.034401,.029570,.029105,.034868,.035287,
home,196,17.11-10.00,frankfurt,54.230.98.71,40,.000355,.027533,.035919,.030442,.027935,
home,197,17.11-11.00,frankfurt,54.230.99.64,39,.040246,.032704,.037169,.040817,.048604,
california,0,19.11-17.40,oregon,205.251.215.191,2.356,.002913,.002156,.002372,.001963,.002720,
california,1,19.11-18.40,oregon,54.230.140.235,3.041,,,,.002733,.003253,
california,2,19.11-19.40,oregon,54.239.132.83,0.775,.000610,.000681,.000646,.000646,.000668,
california,3,19.11-20.40,oregon,54.230.116.154,0.769,.000578,.000420,.000843,.000528,.000619,
california,4,19.11-21.40,oregon,54.192.118.240,0.814,,,,.000405,.000699,
california,5,19.11-22.40,oregon,54.230.116.204,0.760,.000740,.000652,.000618,.000605,.000546,
california,6,19.11-23.40,oregon,54.192.118.242,0.729,.000667,.000597,.000608,.000673,.000448,
california,7,20.11-00.40,oregon,54.230.117.21,0.824,.000503,.000754,.000688,.000748,.000642,
california,8,20.11-01.40,oregon,54.230.119.71,0.791,.000428,.000619,.000493,.000692,.000674,
california,9,20.11-02.40,oregon,54.230.116.204,0.791,,,,.000640,.000677,
california,10,20.11-03.40,oregon,54.230.117.21,0.774,.000499,.000531,.000647,.000596,.000654,
california,11,20.11-04.40,oregon,54.239.132.196,0.782,.000613,.000669,.000689,.000679,.000879,
california,12,20.11-05.40,oregon,54.230.118.187,0.718,.000472,.000713,.000621,.000562,.000699,
california,13,20.11-06.40,oregon,54.230.117.5,0.773,.000470,.000584,.000636,.000699,.000699,
california,14,20.11-07.40,oregon,54.192.118.233,0.738,.000641,.000456,.000735,.000697,.000678,
california,15,20.11-08.40,oregon,54.192.118.237,0.709,.000658,.000682,.000692,.000578,.000688,
california,16,20.11-09.40,oregon,54.192.118.218,0.706,.000891,,,.000414,.000706,
california,17,20.11-10.40,oregon,54.230.119.94,0.708,.000448,.000698,.000666,.000701,.000603,
california,18,20.11-11.40,oregon,54.230.117.69,0.766,.000637,.000711,.000643,.000675,.000643,
california,19,20.11-12.40,oregon,54.192.118.221,0.766,.000422,.000430,.000638,.000617,.000771,
california,20,20.11-13.40,oregon,54.230.119.12,0.771,.000624,.000681,.000656,.000706,.000600,
california,21,20.11-14.40,oregon,54.230.117.156,0.794,.000710,.000680,.000643,.000679,.000691,
california,22,19.11-17.40,california,54.230.143.62,2.205,.002225,.002227,.002144,.002820,.002643,
california,23,19.11-18.40,california,54.192.118.238,0.794,.000663,.000729,,.000709,.000610,
california,24,19.11-19.40,california,54.230.116.167,0.808,.000726,.000691,.000657,.000758,.000623,
california,25,19.11-20.40,california,54.192.118.236,0.737,.000685,.000674,.000687,.000645,.000655,
california,26,19.11-21.40,california,54.192.118.218,0.781,.000680,.000744,.000398,.000678,.000492,
california,27,19.11-22.40,california,54.230.117.15,0.896,.000436,.000633,.000666,.000738,.000633,
california,28,19.11-23.40,california,54.230.117.86,1.141,.000699,.000885,.000661,.000646,.000684,
california,29,20.11-00.40,california,54.230.116.98,0.843,.000719,.000662,.000688,.000434,.000689,
california,30,20.11-01.40,california,54.239.132.233,0.730,,.000704,.000665,.000443,.000583,
california,31,20.11-02.40,california,54.239.132.166,0.814,.000695,,,.000696,.000693,
california,32,20.11-03.40,california,54.230.117.69,0.750,.000629,.000693,.000366,.000718,.000699,
california,33,20.11-04.40,california,54.192.118.224,0.765,.000695,.000700,.000653,.000664,.000664,
california,34,20.11-05.40,california,54.230.118.248,0.779,.000654,.000417,.000442,.000723,.000449,
california,35,20.11-06.40,california,54.239.132.98,0.806,.000498,.000705,.000701,.000670,.000612,
california,36,20.11-07.40,california,54.230.119.110,0.878,.000647,.000467,.000436,.000459,.000623,
california,37,20.11-08.40,california,54.239.132.98,0.718,.000733,.000795,.000634,.000443,.000662,
california,38,20.11-09.40,california,54.192.118.218,0.706,.000656,.000692,.000780,.000689,.000628,
california,39,20.11-10.40,california,54.192.118.219,0.809,.000648,.000652,.000661,.000453,.000697,
california,40,20.11-11.40,california,54.192.118.236,0.832,.000585,.000693,.000669,.000570,.000687,
california,41,20.11-12.40,california,54.230.117.42,0.803,,,,.000475,.000450,
california,42,20.11-13.40,california,54.230.116.239,0.836,.000692,.000658,.000587,.000546,.000745,
california,43,20.11-14.40,california,54.192.118.239,0.779,.000700,.000406,.000437,.000441,.000436,
california,44,19.11-17.40,singapore,205.251.215.126,2.156,.002172,.001960,.002411,.002195,.002927,
california,45,19.11-18.40,singapore,54.230.119.165,0.703,.000673,.000772,.000677,,.000694,
california,46,19.11-19.40,singapore,54.230.116.128,1.351,.000643,.000698,.000634,.000639,.000679,
california,47,19.11-20.40,singapore,54.239.132.250,0.750,.000642,.000720,.000681,.000662,.000638,
california,48,19.11-21.40,singapore,54.230.119.66,0.751,.000906,.000679,.000710,.000711,.000654,
california,49,19.11-22.40,singapore,54.239.132.249,0.891,.000616,.000670,.000705,.000661,.000638,
california,50,19.11-23.40,singapore,54.230.119.91,0.787,.000610,.000619,.000631,.000431,.000635,
california,51,20.11-00.40,singapore,54.230.116.73,0.995,.000676,.000747,.000660,.000491,.000587,
california,52,20.11-01.40,singapore,54.192.118.241,0.797,.000733,,,.000626,.000709,
california,53,20.11-02.40,singapore,54.230.117.21,0.745,.000592,.001035,.000670,.000710,.000681,
california,54,20.11-03.40,singapore,54.192.118.222,0.808,.000689,.000729,.000659,.000902,.000431,
california,55,20.11-04.40,singapore,54.230.116.98,0.772,.000682,.000678,.000645,.000444,.000738,
california,56,20.11-05.40,singapore,54.239.132.173,0.794,.000673,.000695,.000421,.000700,.000449,
california,57,20.11-06.40,singapore,54.230.118.239,0.825,.000704,.000685,.000702,.000610,.000730,
california,58,20.11-07.40,singapore,54.230.117.42,0.837,.000662,.000666,.000737,.000671,.000535,
california,59,20.11-08.40,singapore,54.230.119.55,0.734,.000449,.000641,.000610,.000396,.000604,
california,60,20.11-09.40,singapore,54.230.119.91,0.871,.000636,.000589,.000699,.000685,.000668,
california,61,20.11-10.40,singapore,54.239.132.98,0.744,.000793,.000690,.000713,.000398,.000673,
california,62,20.11-11.40,singapore,54.239.132.55,0.704,,.000602,.000738,.000436,.000613,
california,63,20.11-12.40,singapore,54.239.132.173,0.864,.000684,.000691,.000692,.000645,.000726,
california,64,20.11-13.40,singapore,54.239.132.84,0.813,.000687,.000596,.000538,.000500,.000702,
california,65,20.11-14.40,singapore,54.192.118.239,0.766,.000703,.000634,.000690,.000703,.000369,
california,66,19.11-17.40,ireland,54.230.143.227,3.308,.004951,.002199,.002276,.002710,.003048,
california,67,19.11-18.40,ireland,54.230.118.138,0.740,,.000400,.000746,.000643,.000697,
california,68,19.11-19.40,ireland,54.239.132.173,0.777,.000618,.000441,.000685,.000669,.000628,
california,69,19.11-20.40,ireland,54.230.119.86,0.751,.000687,.000710,.000433,.000627,.000616,
california,70,19.11-21.40,ireland,54.230.119.118,0.803,.000721,.000676,.000409,.000473,.000634,
california,71,19.11-22.40,ireland,54.230.117.156,0.807,.000667,.000681,.000664,.000692,.000591,
california,72,19.11-23.40,ireland,54.230.119.189,0.700,.000798,.000671,.000683,.000708,.000713,
california,73,20.11-00.40,ireland,54.192.118.243,0.841,.000665,.000672,.000479,.000626,.000683,
california,74,20.11-01.40,ireland,54.230.118.136,0.813,.000660,.000641,.000679,.000672,.000454,
california,75,20.11-02.40,ireland,54.230.119.58,0.869,.000638,.000684,.000699,.000622,.000620,
california,76,20.11-03.40,ireland,54.239.132.98,0.838,.000653,.000660,.000715,.000666,.000704,
california,77,20.11-04.40,ireland,54.239.132.250,0.829,,,,.000697,.000629,
california,78,20.11-05.40,ireland,54.192.118.222,0.754,.000613,.000464,.000455,.000475,.000453,
california,79,20.11-06.40,ireland,54.230.118.187,1.001,.000656,.000612,.000405,.000697,.000793,
california,80,20.11-07.40,ireland,54.239.132.147,0.839,.000652,.000653,.000489,.000669,.000676,
california,81,20.11-08.40,ireland,54.230.117.86,0.881,.000428,.000537,.000625,.000679,.000496,
california,82,20.11-09.40,ireland,,2.281,.002275,.002139,.003209,.002996,,
california,83,20.11-10.40,ireland,54.239.132.147,0.734,.000449,.000696,.000696,.000502,.000422,
california,84,20.11-11.40,ireland,54.230.117.69,0.846,.000480,.000691,.000696,.000627,.000692,
california,85,20.11-12.40,ireland,54.230.117.50,0.789,.000694,.000679,.000700,.000678,.000678,
california,86,20.11-13.40,ireland,54.192.118.232,0.832,.000636,.000550,.000680,.000726,.000659,
california,87,20.11-14.40,ireland,54.230.116.239,0.812,.000688,.000736,.000674,.000758,.000660,
california,88,19.11-17.40,sydney,54.230.143.14,3.321,.002686,.003204,.002952,.003275,.002847,
california,89,19.11-18.40,sydney,54.230.117.21,0.879,.000676,.000710,.000627,.000649,.000658,
california,90,19.11-19.40,sydney,54.230.118.138,0.721,.000419,.000461,.000673,.000667,.000648,
california,91,19.11-20.40,sydney,54.230.119.58,0.794,.000654,.000693,.000637,.000744,.000615,
california,92,19.11-21.40,sydney,54.230.117.10,0.800,.000661,.000795,.000674,.000616,.000662,
california,93,19.11-22.40,sydney,54.239.132.86,0.786,.000719,.000840,.000805,.000627,.000697,
california,94,19.11-23.40,sydney,54.230.116.98,0.766,,,,.000622,.000409,
california,95,20.11-00.40,sydney,54.230.118.187,0.826,.000629,.000467,.000648,.000421,.000656,
california,96,20.11-01.40,sydney,54.230.116.136,0.742,.000708,.000428,.000685,.000670,.000624,
california,97,20.11-02.40,sydney,54.230.117.152,0.866,.001457,.000684,.000692,.000408,.000626,
california,98,20.11-03.40,sydney,54.239.132.233,0.773,.000665,.000419,.000664,.000876,.000676,
california,99,20.11-04.40,sydney,54.239.132.41,0.980,.000679,.000700,.000541,.000717,.000455,
california,100,20.11-05.40,sydney,54.230.119.150,0.782,.000696,.000712,.000676,.000446,.000697,
california,101,20.11-06.40,sydney,54.230.119.66,0.736,.000720,.000510,.000468,.000666,.000647,
california,102,20.11-07.40,sydney,54.230.119.71,0.763,.000661,.000911,.000680,.000685,.000662,
california,103,20.11-08.40,sydney,54.230.116.154,0.816,.000665,.000681,.000639,.000677,.000732,
california,104,20.11-09.40,sydney,54.230.116.239,0.757,.000715,.000677,.000710,.000690,.000714,
california,105,20.11-10.40,sydney,54.192.118.238,0.864,,.000663,.000688,.000703,.000472,
california,106,20.11-11.40,sydney,54.230.118.248,0.865,.000699,.000591,.000722,.000396,.000450,
california,107,20.11-12.40,sydney,54.230.116.72,0.787,.000516,.000681,.000607,.000685,.000674,
california,108,20.11-13.40,sydney,54.230.116.239,0.850,.000607,.000697,.000672,.000622,.000696,
california,109,20.11-14.40,sydney,54.239.132.90,0.746,.000689,.000834,.000658,.000686,.000402,
california,110,19.11-17.40,usstandard,205.251.215.126,3.408,.002144,.002102,.002466,.001970,.002168,
california,111,19.11-18.40,usstandard,54.192.118.233,0.738,,.000720,.000463,.000702,.000667,
california,112,19.11-19.40,usstandard,54.230.116.72,0.672,,,,.000486,.000551,
california,113,19.11-20.40,usstandard,54.230.117.157,0.765,,,,.000464,.000740,
california,114,19.11-21.40,usstandard,54.230.119.71,0.752,.000660,.000442,.000362,.000494,.000626,
california,115,19.11-22.40,usstandard,54.192.118.236,0.706,.000390,.000716,.000550,.000422,.000692,
california,116,19.11-23.40,usstandard,54.230.117.69,0.652,.000717,,,.000637,.000705,
california,117,20.11-00.40,usstandard,54.192.118.232,0.768,.000482,.000410,.000625,.000714,.000652,
california,118,20.11-01.40,usstandard,54.239.132.84,0.669,.000712,.000442,.000685,.000680,.000666,
california,119,20.11-02.40,usstandard,54.230.117.42,0.764,.000726,.000739,.000696,.000649,.000670,
california,120,20.11-03.40,usstandard,54.230.118.138,0.755,.000686,.000678,.000649,.000578,.000819,
california,121,20.11-04.40,usstandard,54.230.116.73,0.789,.000672,.000665,.000609,.000715,.000603,
california,122,20.11-05.40,usstandard,54.230.116.154,0.757,.000470,.000409,.000938,.000443,.000689,
california,123,20.11-06.40,usstandard,54.192.118.224,0.675,.000691,.000685,.000689,.000725,.000423,
california,124,20.11-07.40,usstandard,54.239.132.83,0.688,.000650,.000715,.000815,.000675,.000659,
california,125,20.11-08.40,usstandard,54.230.118.143,0.689,.000685,.000713,.000439,.000662,.000656,
california,126,20.11-09.40,usstandard,54.230.119.118,0.699,.000738,.000701,.000655,.000398,.000737,
california,127,20.11-10.40,usstandard,54.239.132.173,0.705,.000677,.000481,.000686,.000710,.000538,
california,128,20.11-11.40,usstandard,54.192.118.246,0.730,.000694,.000667,.000677,.000736,.000665,
california,129,20.11-12.40,usstandard,54.230.116.53,0.766,.000700,.000628,.000685,.000449,.000650,
california,130,20.11-13.40,usstandard,54.239.132.249,0.692,.000709,.000599,.000594,.000661,.000654,
california,131,20.11-14.40,usstandard,54.239.132.26,0.773,.000634,.000692,.000871,.000639,.000669,
california,132,19.11-17.40,saopaulo,,2.223,.002177,.002425,.002495,.002834,,
california,133,19.11-18.40,saopaulo,54.239.132.233,0.743,.000452,.000684,.000438,.000427,.000733,
california,134,19.11-19.40,saopaulo,54.239.132.196,0.789,.000669,.000724,.000691,.000581,.000714,
california,135,19.11-20.40,saopaulo,54.230.119.125,0.770,.000688,.000722,.000458,.000666,.000708,
california,136,19.11-21.40,saopaulo,54.230.118.136,0.809,.000678,.000664,.000636,.000702,.000636,
california,137,19.11-22.40,saopaulo,54.230.117.238,0.809,.000639,.000636,.000691,.000617,.000644,
california,138,19.11-23.40,saopaulo,54.230.116.164,0.780,.000751,.000464,.000676,.000724,.000606,
california,139,20.11-00.40,saopaulo,54.230.118.239,0.905,.000559,.000541,.000474,.000715,.000637,
california,140,20.11-01.40,saopaulo,54.192.118.242,0.861,.000610,.000601,.000407,.000626,.000583,
california,141,20.11-02.40,saopaulo,54.230.119.118,0.756,.000402,.000604,.000692,.000838,.000713,
california,142,20.11-03.40,saopaulo,54.192.118.243,0.795,.000701,,,.000663,.000659,
california,143,20.11-04.40,saopaulo,54.230.116.128,0.737,.000502,.000479,.000710,.000661,.000675,
california,144,20.11-05.40,saopaulo,54.192.118.222,0.880,.000768,.000469,.000700,.000468,.000504,
california,145,20.11-06.40,saopaulo,54.192.118.243,0.841,.000510,.000482,.000444,.000575,.000716,
california,146,20.11-07.40,saopaulo,54.192.118.234,0.798,.000711,.000733,.000673,.000737,.000394,
california,147,20.11-08.40,saopaulo,54.239.132.147,0.657,.000670,.000439,.000683,.000722,.000446,
california,148,20.11-09.40,saopaulo,54.192.118.240,0.737,,.000655,.000425,.000616,.000716,
california,149,20.11-10.40,saopaulo,54.239.132.233,0.806,.000420,.000692,.000600,.000627,.000747,
california,150,20.11-11.40,saopaulo,54.230.119.12,0.856,.000705,.000573,.000648,.000724,.000648,
california,151,20.11-12.40,saopaulo,54.230.118.114,0.746,.000641,.000651,.000701,.000602,.000684,
california,152,20.11-13.40,saopaulo,54.230.119.125,0.748,,,,.000659,.000657,
california,153,20.11-14.40,saopaulo,54.192.118.221,0.754,.000573,.000566,.000435,.000526,.000687,
california,154,19.11-17.40,tokyo,54.230.140.126,3.374,.002980,.001991,.003479,.002202,.002235,
california,155,19.11-18.40,tokyo,54.230.117.154,0.818,.000738,,.000741,.000742,.000455,
california,156,19.11-19.40,tokyo,54.230.116.128,0.767,.000473,.000425,.000629,.000481,.000916,
california,157,19.11-20.40,tokyo,54.192.118.240,0.721,.000660,.000695,.000655,.000689,.000539,
california,158,19.11-21.40,tokyo,54.192.118.221,0.736,.000461,.000692,.000621,.000931,.000610,
california,159,19.11-22.40,tokyo,54.230.118.138,0.693,.000398,,,.000421,.000711,
california,160,19.11-23.40,tokyo,54.230.118.143,0.701,.000677,.000788,.000666,.000624,.000641,
california,161,20.11-00.40,tokyo,54.230.117.50,0.840,.000600,.000480,.000692,.000662,.000421,
california,162,20.11-01.40,tokyo,54.192.118.220,0.787,.000664,.000695,.000667,.000685,.000687,
california,163,20.11-02.40,tokyo,54.230.117.86,0.746,.000692,.000444,.000621,.000412,.000427,
california,164,20.11-03.40,tokyo,54.230.118.239,0.774,,,,.000714,.000471,
california,165,20.11-04.40,tokyo,54.192.118.222,0.734,.000721,.000697,.000661,.000694,.000903,
california,166,20.11-05.40,tokyo,54.192.118.232,0.731,.000599,.000691,.000628,.000399,.000785,
california,167,20.11-06.40,tokyo,54.239.132.98,0.769,.000667,.000673,.000714,.000393,.000680,
california,168,20.11-07.40,tokyo,54.230.117.21,0.780,.000673,.000706,.000689,.000687,.000736,
california,169,20.11-08.40,tokyo,54.230.116.72,1.069,.000430,.000589,.000733,.000449,.000379,
california,170,20.11-09.40,tokyo,54.239.132.83,0.822,.000691,.000685,.000660,.000446,.000574,
california,171,20.11-10.40,tokyo,54.230.116.154,0.744,.000472,.000633,.000492,.000604,.000635,
california,172,20.11-11.40,tokyo,54.230.118.146,0.731,.000435,.000400,.000710,.000697,.000655,
california,173,20.11-12.40,tokyo,54.239.132.98,1.238,.000630,.000628,.000643,.000429,.000638,
california,174,20.11-13.40,tokyo,54.230.119.165,0.884,.000651,.000689,.000584,.000681,.000536,
california,175,20.11-14.40,tokyo,54.230.117.21,0.820,.000759,.000693,.000730,.000610,.000626,
california,176,19.11-17.40,frankfurt,54.230.141.54,5.181,.002184,.002834,.002469,.002254,.003049,
california,177,19.11-18.40,frankfurt,,0.861,.000668,.000649,,.000668,,
california,178,19.11-19.40,frankfurt,54.230.118.239,0.745,.000697,.000625,.000593,.000718,.000652,
california,179,19.11-20.40,frankfurt,54.230.118.136,0.748,,.000605,.000628,.000712,.000741,
california,180,19.11-21.40,frankfurt,54.230.119.150,0.802,.000606,.000702,.000620,.000655,.000687,
california,181,19.11-22.40,frankfurt,54.230.118.138,0.846,.000688,.000444,.000632,.000446,.000477,
california,182,19.11-23.40,frankfurt,54.192.118.240,0.745,,,.000653,.000416,.000620,
california,183,20.11-00.40,frankfurt,54.192.118.222,0.773,.000648,.000699,.000652,.000685,.000549,
california,184,20.11-01.40,frankfurt,54.230.119.71,0.778,.000677,.000696,.000698,.000616,.000594,
california,185,20.11-02.40,frankfurt,54.230.119.110,0.755,.000401,.000709,.000430,.000739,.000591,
california,186,20.11-03.40,frankfurt,54.230.117.15,0.727,.000703,.000740,.001067,.000679,.000807,
california,187,20.11-04.40,frankfurt,54.230.117.5,0.811,.000714,.000689,.001018,.000687,.000440,
california,188,20.11-05.40,frankfurt,54.230.117.5,0.770,,.000725,.000705,.000715,.000718,
california,189,20.11-06.40,frankfurt,54.230.119.94,0.723,.000403,.000491,.000471,.000459,.000729,
california,190,20.11-07.40,frankfurt,54.192.118.238,0.653,.000645,,,.000508,.000655,
california,191,20.11-08.40,frankfurt,54.192.118.247,0.777,,,,.000634,.000606,
california,192,20.11-09.40,frankfurt,54.230.116.72,0.759,.000678,.000439,.000700,.000676,.000691,
california,193,20.11-10.40,frankfurt,54.239.132.90,0.812,,,,.000673,.000452,
california,194,20.11-11.40,frankfurt,54.230.118.235,0.816,,,,.000824,.000666,
california,195,20.11-12.40,frankfurt,54.239.132.166,0.746,.000666,.000628,.000628,.000433,.000664,
california,196,20.11-13.40,frankfurt,54.192.118.230,0.732,.000665,.000618,.000698,.000675,.000687,
california,197,20.11-14.40,frankfurt,54.230.119.106,0.802,.000485,.000633,.000532,.000656,.000619,
ireland,0,19.11-17.32,oregon,54.230.30.221,1.484,.001012,.001157,.001433,.001040,.001223,
ireland,1,19.11-18.30,oregon,54.230.30.73,1.696,,.001495,.001195,.001256,.001501,
ireland,2,19.11-19.30,oregon,54.230.21.222,85.014,.096458,,.096457,.094770,.089626,
ireland,3,19.11-20.30,oregon,54.230.30.221,1.278,.001073,.001209,.001107,.001121,.001428,
ireland,4,19.11-21.30,oregon,54.230.186.114,19.949,,.019111,.020114,.019786,.019133,
ireland,5,19.11-22.30,oregon,54.230.30.53,1.211,.001174,.001156,.001265,.001178,.001426,
ireland,6,19.11-23.30,oregon,54.230.30.209,1.463,.001163,.001130,.001146,.001017,.001445,
ireland,7,20.11-00.30,oregon,54.230.30.205,1.248,.001169,.001186,.001214,.001149,.000976,
ireland,8,20.11-01.30,oregon,54.230.30.11,1.396,,.001336,.000881,.001142,.001367,
ireland,9,20.11-02.30,oregon,54.230.30.189,1.375,.001500,.001429,.001168,.001372,.001388,
ireland,10,20.11-03.30,oregon,54.230.30.213,1.266,.001106,.001249,.001165,.001155,.001232,
ireland,11,20.11-04.30,oregon,54.230.21.115,86.282,,.085497,.086818,.089728,.089736,
ireland,12,20.11-05.30,oregon,54.230.30.37,1.459,.001257,.001174,.001290,.001137,.001168,
ireland,13,20.11-06.30,oregon,54.230.30.221,1.269,.001221,.001209,.001014,.001176,.001169,
ireland,14,20.11-07.30,oregon,54.230.31.7,1.298,,.001178,.001137,.001117,.001125,
ireland,15,20.11-08.30,oregon,216.137.41.243,89.689,.085564,.086302,.086356,.087234,.087213,
ireland,16,20.11-09.30,oregon,54.230.30.50,1.354,.001379,,.001013,.001176,.001196,
ireland,17,20.11-10.30,oregon,54.230.30.69,1.249,.001287,.001500,.001120,.001312,.002172,
ireland,18,20.11-11.30,oregon,54.230.30.28,1.258,.001330,.001401,.001096,.001273,.001231,
ireland,19,20.11-12.30,oregon,,89.695,.086850,.085623,.085981,.086431,,
ireland,20,20.11-13.30,oregon,54.230.20.109,89.824,.089494,.086633,.088559,.089349,.089709,
ireland,21,19.11-17.32,california,54.230.23.104,94.977,.089785,.089844,.084746,.096716,.096956,
ireland,22,19.11-18.30,california,54.192.30.218,1.382,.001445,.001389,.001134,.001152,.001240,
ireland,23,19.11-19.30,california,54.230.20.48,84.964,.094824,.096221,.101500,.095948,.095833,
ireland,24,19.11-20.30,california,54.192.30.136,1.445,.001196,.001165,.001169,.001131,.001219,
ireland,25,19.11-21.30,california,54.230.23.46,85.234,.094857,.094582,.095905,.096644,.088700,
ireland,26,19.11-22.30,california,54.239.158.213,18.246,.018136,.018174,.018169,.018080,.018152,
ireland,27,19.11-23.30,california,54.230.187.34,18.058,.018095,.018100,.018159,.018180,.018113,
ireland,28,20.11-00.30,california,54.230.30.5,1.419,.001234,.001196,,.001265,.001155,
ireland,29,20.11-01.30,california,54.192.29.229,1.231,.001484,,,.001205,.001396,
ireland,30,20.11-02.30,california,216.137.41.64,88.703,.089805,.088492,.087093,.087049,.089787,
ireland,31,20.11-03.30,california,54.230.30.37,1.246,.001215,.001166,.001148,.001373,.001432,
ireland,32,20.11-04.30,california,54.230.30.50,1.481,.001183,.001217,.001181,.001159,.001184,
ireland,33,20.11-05.30,california,54.192.30.188,1.450,.001344,,.001136,.001223,.001130,
ireland,34,20.11-06.30,california,54.230.31.9,1.214,.000959,.001421,.001178,.001131,.001249,
ireland,35,20.11-07.30,california,54.230.22.189,85.661,.089550,,.085472,.085635,.086608,
ireland,36,20.11-08.30,california,54.230.30.217,1.344,.001444,.001159,.001207,.001201,.001122,
ireland,37,20.11-09.30,california,54.230.30.239,1.482,.001382,.000927,.001094,.001246,.001381,
ireland,38,20.11-10.30,california,54.230.30.215,1.375,.001361,.000995,.001203,.001444,.001423,
ireland,39,20.11-11.30,california,216.137.41.37,88.679,.086742,.086191,.088470,.089591,.089562,
ireland,40,20.11-12.30,california,54.192.30.137,1.422,.001192,.001179,.001242,.001184,.001243,
ireland,41,20.11-13.30,california,54.230.23.144,86.336,.085894,.086186,.086660,.089746,.087166,
ireland,42,19.11-17.32,singapore,54.230.21.160,86.243,.085008,.096273,.088734,.094978,.096140,
ireland,43,19.11-18.30,singapore,54.230.30.50,1.335,.001401,.001023,.001254,,.001093,
ireland,44,19.11-19.30,singapore,54.230.30.38,1.429,.001170,.001190,.001007,.001201,.001215,
ireland,45,19.11-20.30,singapore,54.230.195.137,88.388,.091168,.088989,.084812,.084797,.086939,
ireland,46,19.11-21.30,singapore,54.230.30.251,1.345,.001185,,,.001173,.001191,
ireland,47,19.11-22.30,singapore,54.230.30.232,1.499,.001460,.001183,.001154,.001437,.001167,
ireland,48,19.11-23.30,singapore,54.230.30.250,1.288,.001425,.001197,.001167,.001388,.001130,
ireland,49,20.11-00.30,singapore,54.230.30.249,1.219,,.001172,.001267,.001198,.001403,
ireland,50,20.11-01.30,singapore,54.230.30.11,1.538,.001172,.001459,.000948,.001193,.001400,
ireland,51,20.11-02.30,singapore,54.230.30.222,1.489,.001218,.001267,.001468,.001220,.001180,
ireland,52,20.11-03.30,singapore,54.230.20.115,88.721,.089629,.086403,.085485,.086199,.089857,
ireland,53,20.11-04.30,singapore,54.230.30.213,1.318,.001004,.001252,.001463,.000928,.001247,
ireland,54,20.11-05.30,singapore,54.230.20.109,85.709,.088979,.089066,.089715,.088322,.088839,
ireland,55,20.11-06.30,singapore,54.192.30.227,1.265,.001115,.001393,.001173,.001421,.001427,
ireland,56,20.11-07.30,singapore,,1.216,.001179,.001149,.001376,.001161,,
ireland,57,20.11-08.30,singapore,54.230.30.254,1.405,.001246,.000959,.001205,.001159,.001232,
ireland,58,20.11-09.30,singapore,54.230.30.52,1.383,.001203,.001132,.001434,.001358,.001251,
ireland,59,20.11-10.30,singapore,54.230.30.189,1.396,.001257,.001346,.001285,.001169,.001150,
ireland,60,20.11-11.30,singapore,216.137.41.10,87.298,.088634,.085640,.085879,.085868,.087205,
ireland,61,20.11-12.30,singapore,54.192.30.194,1.442,.001442,.001398,.001228,.000975,.001214,
ireland,62,20.11-13.30,singapore,54.230.186.198,18.053,.017921,.018086,.017984,.018059,.017871,
ireland,63,19.11-17.32,ireland,54.230.31.6,1.760,.001188,.001076,.001131,.001646,.001219,
ireland,64,19.11-18.30,ireland,216.137.41.240,88.459,.094979,,.094975,.088473,.088496,
ireland,65,19.11-19.30,ireland,54.230.20.43,94.905,.094580,.096143,.095095,.096399,.094907,
ireland,66,19.11-20.30,ireland,54.230.31.8,1.329,.001185,.001193,.001151,.001176,.001310,
ireland,67,19.11-21.30,ireland,54.230.30.226,1.508,,,.001131,.001134,.000909,
ireland,68,19.11-22.30,ireland,54.230.30.245,1.504,.001168,.001183,.001100,.001010,.001415,
ireland,69,19.11-23.30,ireland,54.230.30.246,1.214,.001198,,,.001407,.001062,
ireland,70,20.11-00.30,ireland,54.192.29.221,1.247,.001128,.001201,,.000862,.001465,
ireland,71,20.11-01.30,ireland,216.137.41.252,86.457,.088622,.088112,.085724,.088621,.085974,
ireland,72,20.11-02.30,ireland,216.137.41.227,88.722,.088248,.086106,.089722,.089811,.088328,
ireland,73,20.11-03.30,ireland,54.230.30.243,1.220,.001168,.001406,,,.001144,
ireland,74,20.11-04.30,ireland,54.230.30.221,1.188,.000948,.001139,.001139,.001203,.001418,
ireland,75,20.11-05.30,ireland,54.192.30.214,1.387,,,.001409,.001141,.001247,
ireland,76,20.11-06.30,ireland,54.230.30.37,1.459,.001225,.001192,.001095,.001441,.001140,
ireland,77,20.11-07.30,ireland,54.230.30.207,1.446,.001367,.001164,.001178,.001506,.001291,
ireland,78,20.11-08.30,ireland,54.230.30.242,1.339,.001560,.001168,,.001433,.001264,
ireland,79,20.11-09.30,ireland,54.230.22.189,86.211,.085532,.088481,.089558,.088473,.085447,
ireland,80,20.11-10.30,ireland,54.230.21.51,87.121,.089417,.085961,.088348,.088423,.089995,
ireland,81,20.11-11.30,ireland,54.230.30.239,1.259,.001306,.001164,,,.001104,
ireland,82,20.11-12.30,ireland,54.230.30.28,1.305,.001380,,,.001202,.001386,
ireland,83,20.11-13.30,ireland,54.230.21.79,89.931,.090475,.085857,.090191,.089493,.085909,
ireland,84,19.11-17.32,sydney,54.230.30.47,1.456,.001166,.001462,.001182,.001371,.000925,
ireland,85,19.11-18.30,sydney,54.230.30.71,1.334,.001453,.000979,.001215,.001457,.000945,
ireland,86,19.11-19.30,sydney,54.230.22.101,96.659,.096360,.089737,.084925,,.095840,
ireland,87,19.11-20.30,sydney,54.230.219.130,85.193,.085294,.081508,.085872,.085697,.086328,
ireland,88,19.11-21.30,sydney,54.192.216.173,79.544,.078623,.082391,.045141,.085469,.076527,
ireland,89,19.11-22.30,sydney,54.192.30.225,1.514,.001142,.001345,.001207,.001223,.001174,
ireland,90,19.11-23.30,sydney,54.230.30.38,1.295,.001199,.001184,.001062,.001431,.001165,
ireland,91,20.11-00.30,sydney,54.230.20.98,89.925,,.085424,.088441,.085428,.088517,
ireland,92,20.11-01.30,sydney,54.230.30.235,1.270,.001207,.001140,.001115,.001272,.001208,
ireland,93,20.11-02.30,sydney,54.230.20.27,88.530,.086813,.089896,.088473,.086984,.088520,
ireland,94,20.11-03.30,sydney,54.230.30.189,1.559,,.001199,.001131,.001177,.001440,
ireland,95,20.11-04.30,sydney,54.230.30.72,1.312,,,.001229,.001562,.001448,
ireland,96,20.11-05.30,sydney,54.230.23.104,88.517,.086966,.089777,.088395,.088432,.090014,
ireland,97,20.11-06.30,sydney,216.137.41.227,87.237,.088499,.085426,.088421,.088234,.089448,
ireland,98,20.11-07.30,sydney,54.230.30.218,1.309,,.001134,.001191,.001185,.001129,
ireland,99,20.11-08.30,sydney,54.230.20.252,86.016,.085762,.088728,.089731,.085623,.088602,
ireland,100,20.11-09.30,sydney,54.230.30.68,1.464,.001200,.001413,,.001442,.001247,
ireland,101,20.11-10.30,sydney,54.192.30.195,1.526,.001315,,,.001100,.001217,
ireland,102,20.11-11.30,sydney,54.230.30.218,1.347,.001249,.001216,.001320,.001148,.001222,
ireland,103,20.11-12.30,sydney,54.230.30.234,1.337,.001147,.001071,.001034,.001112,.001375,
ireland,104,20.11-13.30,sydney,54.192.30.229,1.381,.001140,.001167,.001181,.001162,.001200,
ireland,105,19.11-17.32,usstandard,54.192.29.221,1.428,.001169,.001165,.000920,.001515,.001026,
ireland,106,19.11-18.30,usstandard,54.192.30.138,1.350,.001266,.001020,.001199,.001039,.001136,
ireland,107,19.11-19.30,usstandard,54.230.30.244,1.398,.001216,,,.001179,.001285,
ireland,108,19.11-20.30,usstandard,54.230.30.206,1.553,,,.001224,.001378,.001165,
ireland,109,19.11-21.30,usstandard,54.192.30.137,1.407,.001404,.001490,.001305,.001362,.001234,
ireland,110,19.11-22.30,usstandard,54.230.30.214,1.330,.001189,.001158,.001404,.001403,.001489,
ireland,111,19.11-23.30,usstandard,54.230.30.47,1.281,.001152,.001431,.000890,.001368,.001150,
ireland,112,20.11-00.30,usstandard,54.230.30.5,1.318,.001743,.001256,.001263,.001112,.001009,
ireland,113,20.11-01.30,usstandard,54.230.21.108,87.267,.088602,.085627,.085434,.089982,.085922,
ireland,114,20.11-02.30,usstandard,54.230.30.212,1.250,.001383,.001062,.001277,.001181,.001445,
ireland,115,20.11-03.30,usstandard,54.230.30.50,1.429,,.001448,.001391,.001150,.001218,
ireland,116,20.11-04.30,usstandard,54.230.30.73,1.479,.001396,.001209,.001171,.001489,.000898,
ireland,117,20.11-05.30,usstandard,216.137.41.107,85.628,.086600,.086018,.087147,.088193,.086461,
ireland,118,20.11-06.30,usstandard,,88.312,,.088527,.089552,.088628,,
ireland,119,20.11-07.30,usstandard,54.230.21.222,88.366,.088220,.087315,.088301,.089550,.085501,
ireland,120,20.11-08.30,usstandard,54.230.20.109,85.708,.088566,.085515,.088082,.087260,.089800,
ireland,121,20.11-09.30,usstandard,54.192.30.221,1.190,.001316,.001243,.001209,.001211,.001201,
ireland,122,20.11-10.30,usstandard,54.230.30.68,1.287,.001172,.001448,.001411,.001410,.001134,
ireland,123,20.11-11.30,usstandard,54.230.30.72,1.235,.001293,.001398,.001200,.001229,.001032,
ireland,124,20.11-12.30,usstandard,54.192.30.224,1.339,,.001217,.001413,.001158,.001170,
ireland,125,20.11-13.30,usstandard,54.230.186.236,18.151,.018076,.017884,.018051,.017848,.018090,
ireland,126,19.11-17.32,saopaulo,54.230.219.200,81.939,.086978,.087563,.087774,.083704,.084145,
ireland,127,19.11-18.30,saopaulo,54.230.30.208,1.257,.001121,.001135,.001420,.001205,.001402,
ireland,128,19.11-19.30,saopaulo,54.230.29.253,1.256,.001262,.001162,.001164,.001198,.001113,
ireland,129,19.11-20.30,saopaulo,54.230.30.190,1.331,.001165,.001198,.001137,.001168,.001401,
ireland,130,19.11-21.30,saopaulo,216.137.41.45,89.970,.088572,.088669,.085138,.097643,.096355,
ireland,131,19.11-22.30,saopaulo,54.230.30.229,1.451,.001244,.001168,,.001134,.001132,
ireland,132,19.11-23.30,saopaulo,54.230.30.213,1.280,.000938,.001239,.001169,.001432,.001210,
ireland,133,20.11-00.30,saopaulo,54.230.30.221,1.279,,.001233,.000934,.001649,.001204,
ireland,134,20.11-01.30,saopaulo,54.192.30.188,1.452,.001218,.001211,.001333,.001067,.001206,
ireland,135,20.11-02.30,saopaulo,54.230.30.53,1.285,.001583,.001217,.000919,.001275,.001124,
ireland,136,20.11-03.30,saopaulo,54.230.30.213,1.510,.001214,.001210,.001487,.001236,.001218,
ireland,137,20.11-04.30,saopaulo,54.230.30.218,1.220,.001384,.001157,.001266,.001165,.001388,
ireland,138,20.11-05.30,saopaulo,54.230.21.185,88.548,.086089,.088307,.087133,.088458,.086132,
ireland,139,20.11-06.30,saopaulo,54.230.30.3,1.463,,.000925,.001185,.001232,.001211,
ireland,140,20.11-07.30,saopaulo,54.230.30.58,1.364,.001198,.001245,.001228,.001188,.001221,
ireland,141,20.11-08.30,saopaulo,54.230.30.217,1.269,.001178,.001138,.001186,.001121,.000929,
ireland,142,20.11-09.30,saopaulo,54.230.184.251,18.277,.018046,.017899,.017938,,.017927,
ireland,143,20.11-10.30,saopaulo,,86.772,.085569,.086091,.089547,.085773,,
ireland,144,20.11-11.30,saopaulo,54.230.30.40,1.315,.001027,.001209,.000939,.001110,.001163,
ireland,145,20.11-12.30,saopaulo,54.230.30.249,1.356,.001608,.000976,.000920,.001200,.001198,
ireland,146,20.11-13.30,saopaulo,54.230.20.115,89.805,.088833,.088442,.089784,.085381,.086945,
ireland,147,19.11-17.32,tokyo,54.230.30.70,1.542,.001255,.001408,,.001002,.001144,
ireland,148,19.11-18.30,tokyo,54.192.29.225,1.494,.001217,.001290,.001067,.001211,.001237,
ireland,149,19.11-19.30,tokyo,54.230.30.240,1.273,.001141,.001371,.001264,.001043,.001444,
ireland,150,19.11-20.30,tokyo,54.230.20.43,94.914,.090239,.084927,.095948,.096382,.096360,
ireland,151,19.11-21.30,tokyo,54.230.29.241,1.440,.001692,.001104,.001655,.001257,.001477,
ireland,152,19.11-22.30,tokyo,54.230.184.223,18.108,.018006,.018293,.018207,.018370,.017895,
ireland,153,19.11-23.30,tokyo,54.230.186.26,18.080,.017898,.017965,.018112,.018157,.018146,
ireland,154,20.11-00.30,tokyo,54.230.31.5,1.518,,.001009,.001212,.001694,.001532,
ireland,155,20.11-01.30,tokyo,54.192.29.226,1.263,.000897,,,.001421,.001146,
ireland,156,20.11-02.30,tokyo,216.137.41.24,88.430,.087192,.085656,.088615,,.086802,
ireland,157,20.11-03.30,tokyo,54.230.30.37,1.538,.000904,.001189,.001228,.000964,.000915,
ireland,158,20.11-04.30,tokyo,54.230.21.120,86.876,.089779,.089678,.086443,.088506,.086654,
ireland,159,20.11-05.30,tokyo,54.230.22.51,86.122,.088486,.090989,,.088173,.086763,
ireland,160,20.11-06.30,tokyo,54.230.30.8,1.294,.001068,.001254,.001255,.001230,.000974,
ireland,161,20.11-07.30,tokyo,54.230.23.144,85.812,.088475,.089524,.086317,.086123,.088589,
ireland,162,20.11-08.30,tokyo,54.230.30.26,1.846,.001198,.001135,,.000946,.001350,
ireland,163,20.11-09.30,tokyo,54.230.30.239,1.372,.001130,.001443,.001134,.001146,.001209,
ireland,164,20.11-10.30,tokyo,54.192.29.219,1.584,,,.000957,.001507,.001390,
ireland,165,20.11-11.30,tokyo,54.230.30.192,1.302,.001596,.001364,.001204,.001273,.001398,
ireland,166,20.11-12.30,tokyo,54.192.29.219,1.338,.001407,.000959,.001231,.001413,.001215,
ireland,167,20.11-13.30,tokyo,54.230.30.215,1.497,.001188,.001238,.001635,.001145,.001196,
ireland,168,19.11-17.32,frankfurt,54.230.30.51,1.377,.001625,.001234,.001405,.001166,.001212,
ireland,169,19.11-18.30,frankfurt,54.230.30.232,1.306,.001180,.001083,.001191,.001389,.001207,
ireland,170,19.11-19.30,frankfurt,54.192.30.226,1.290,.001163,.001190,,.001455,.001176,
ireland,171,19.11-20.30,frankfurt,54.230.31.8,1.465,.001217,.001131,.001287,.001188,.001253,
ireland,172,19.11-21.30,frankfurt,54.230.21.185,96.499,.084867,.084619,.088734,.085021,.096337,
ireland,173,19.11-22.30,frankfurt,54.230.30.71,1.506,.001166,,.000942,.006933,.001143,
ireland,174,19.11-23.30,frankfurt,54.230.187.34,18.175,.018111,.018104,.018038,.018143,.018062,
ireland,175,20.11-00.30,frankfurt,54.192.30.184,1.429,.001230,.001195,.001295,.001096,.001328,
ireland,176,20.11-01.30,frankfurt,54.192.30.227,1.263,.001232,.001478,.001195,.000946,.001168,
ireland,177,20.11-02.30,frankfurt,54.230.30.249,1.333,.000991,.001261,.001163,.001153,.001228,
ireland,178,20.11-03.30,frankfurt,54.230.30.73,1.562,.000988,,.000980,.001139,.000965,
ireland,179,20.11-04.30,frankfurt,54.230.30.221,1.246,.001134,.000934,.001173,.001410,.001264,
ireland,180,20.11-05.30,frankfurt,54.230.20.118,86.200,.085665,.089540,.088173,.085558,.089764,
ireland,181,20.11-06.30,frankfurt,54.230.30.7,1.521,.001007,.001252,.000959,.001184,.000923,
ireland,182,20.11-07.30,frankfurt,54.230.30.52,1.302,.001481,.001117,.001000,.001411,.001182,
ireland,183,20.11-08.30,frankfurt,54.192.30.190,1.180,.001161,.001221,.001216,.001213,.001157,
ireland,184,20.11-09.30,frankfurt,54.230.30.37,1.289,.001133,.001247,.001304,.001240,.001104,
ireland,185,20.11-10.30,frankfurt,216.137.41.78,89.663,.085367,.089570,.085368,.085874,.087442,
ireland,186,20.11-11.30,frankfurt,54.192.30.214,1.311,.001131,.001121,.001176,.001189,.001685,
ireland,187,20.11-12.30,frankfurt,54.230.30.58,1.368,.001163,.001429,.001179,.000977,.001153,
ireland,188,20.11-13.30,frankfurt,54.230.20.101,89.779,.089502,.086229,.085561,.086437,.088396,
singapore,0,19.11-17.35,oregon,,0.728,.000629,.000423,.000712,,,
singapore,1,19.11-18.35,oregon,54.192.159.177,0.733,.000686,.000659,.000631,.000684,.000637,
singapore,2,19.11-19.35,oregon,54.230.158.150,0.784,.000712,.000698,.000665,.000687,.000649,
singapore,3,19.11-20.35,oregon,54.230.158.223,0.696,.000667,.000658,.000646,.000698,.000710,
singapore,4,19.11-21.35,oregon,54.192.159.173,0.787,.000665,.000412,.000662,.000641,.000339,
singapore,5,19.11-22.35,oregon,54.230.159.132,0.730,.000482,,,.000433,.000620,
singapore,6,19.11-23.35,oregon,54.230.151.214,1.438,.001438,,.001197,.001475,.001489,
singapore,7,20.11-00.35,oregon,54.230.158.80,0.773,.001354,.000557,.000709,.000779,.000630,
singapore,8,20.11-01.35,oregon,54.230.149.71,1.549,.001225,.001431,.001409,.001407,.001427,
singapore,9,20.11-02.35,oregon,54.192.157.149,0.722,.000715,.000706,.000653,.000879,.000701,
singapore,10,20.11-03.35,oregon,54.230.159.137,0.737,.000657,.000595,.000555,.000393,.000639,
singapore,11,20.11-04.35,oregon,54.230.158.217,0.750,.000677,.000638,.000509,.000640,.000668,
singapore,12,20.11-05.35,oregon,54.230.150.15,1.572,.001657,.001544,.001224,.001411,.001369,
singapore,13,20.11-06.35,oregon,54.230.157.230,0.762,.000753,.000661,.000530,.000698,.000754,
singapore,14,20.11-07.35,oregon,54.192.157.156,0.775,.000573,.000607,.000623,.000671,.000686,
singapore,15,20.11-08.35,oregon,54.230.150.159,1.560,.001508,.001405,.001203,.001422,.001421,
singapore,16,20.11-09.35,oregon,54.230.158.246,0.691,.000472,.000704,.000668,.000672,.000714,
singapore,17,20.11-10.35,oregon,54.230.148.75,1.452,.001521,.001417,.001535,.001369,.001179,
singapore,18,20.11-11.35,oregon,54.230.158.225,0.751,.000724,.000587,,.000627,.000735,
singapore,19,20.11-12.35,oregon,54.230.158.207,0.787,.000401,.000619,.000664,.000636,.000847,
singapore,20,20.11-13.35,oregon,54.192.159.155,0.703,.000452,.000638,.000372,.000454,.000457,
singapore,21,19.11-17.35,california,54.192.159.72,0.796,.000481,.000637,.000688,.000718,.000383,
singapore,22,19.11-18.35,california,54.230.158.80,0.701,.000686,.000519,.000651,.000672,.000666,
singapore,23,19.11-19.35,california,54.230.158.252,0.690,.000661,.000628,.000448,.000728,.000606,
singapore,24,19.11-20.35,california,54.230.158.80,0.797,.000666,.000386,.000614,.000660,.000466,
singapore,25,19.11-21.35,california,54.230.159.150,0.723,.000728,.000509,.000409,.000503,.000653,
singapore,26,19.11-22.35,california,54.192.156.109,0.775,.000453,.000662,.000422,.000632,.000678,
singapore,27,19.11-23.35,california,54.230.151.150,1.546,.001373,,.001203,.001422,.001470,
singapore,28,20.11-00.35,california,54.192.157.146,0.723,.000632,.000677,.000688,.000586,.000575,
singapore,29,20.11-01.35,california,54.192.156.102,0.738,.000401,.000687,.000735,.000697,.000697,
singapore,30,20.11-02.35,california,54.230.158.223,0.737,.000677,.000717,.000691,.000744,.000621,
singapore,31,20.11-03.35,california,54.230.150.40,1.442,.001162,.001424,.001449,.001217,.001391,
singapore,32,20.11-04.35,california,54.230.150.148,1.482,.001468,.001381,.001183,.001622,.001370,
singapore,33,20.11-05.35,california,54.192.159.97,0.688,.000600,.000652,.000674,.000702,.000437,
singapore,34,20.11-06.35,california,54.230.149.232,1.521,.001430,.001490,.001390,.001452,.001252,
singapore,35,20.11-07.35,california,54.230.151.150,1.430,.001380,.001180,.001470,.001495,.001460,
singapore,36,20.11-08.35,california,54.230.150.45,1.611,.001448,.001325,.001191,.001188,.001458,
singapore,37,20.11-09.35,california,54.230.149.215,1.498,.001384,.001431,.001316,.001450,.001431,
singapore,38,20.11-10.35,california,54.230.150.27,1.410,.001464,.001475,.001229,.001237,.001437,
singapore,39,20.11-11.35,california,54.230.159.143,0.729,.000479,,,.000416,.000626,
singapore,40,20.11-12.35,california,54.230.157.230,0.742,.000429,.000650,.000610,.000618,.000642,
singapore,41,20.11-13.35,california,54.230.150.109,1.515,.001414,.001369,.001453,.001395,.001480,
singapore,42,19.11-17.35,singapore,54.230.158.179,0.758,.000409,.000738,.000409,.000654,.000679,
singapore,43,19.11-18.35,singapore,54.230.158.148,0.756,.000697,.000685,.000713,.000448,.000647,
singapore,44,19.11-19.35,singapore,54.240.168.128,0.676,.000427,.000403,.000658,.000451,.000432,
singapore,45,19.11-20.35,singapore,54.230.150.29,1.556,.001442,.001447,.001399,.001391,.001176,
singapore,46,19.11-21.35,singapore,54.230.158.217,0.722,.000517,.000675,.000568,.000694,.000640,
singapore,47,19.11-22.35,singapore,54.230.159.153,0.750,.000634,.000687,.000632,.000687,.000698,
singapore,48,19.11-23.35,singapore,54.192.157.149,0.756,.000414,.000441,.000565,.000634,.000701,
singapore,49,20.11-00.35,singapore,54.230.158.217,0.709,.000658,.000454,.000649,.000385,.000614,
singapore,50,20.11-01.35,singapore,54.230.156.193,0.730,.000677,.000660,.000637,.000617,.000687,
singapore,51,20.11-02.35,singapore,54.192.159.173,0.715,,,,.000625,.000585,
singapore,52,20.11-03.35,singapore,54.192.159.174,0.691,.000734,.000669,.000715,.000594,.000619,
singapore,53,20.11-04.35,singapore,54.230.158.205,0.844,,,.000645,.000518,.000685,
singapore,54,20.11-05.35,singapore,54.230.150.30,1.482,.002460,.001373,.001316,.001484,.001488,
singapore,55,20.11-06.35,singapore,54.230.150.30,1.526,.001226,.001367,.001419,.001401,.001410,
singapore,56,20.11-07.35,singapore,54.230.150.106,1.454,.001427,,,.001286,.001440,
singapore,57,20.11-08.35,singapore,54.230.159.7,0.703,.000381,.000712,.000712,.000436,.000437,
singapore,58,20.11-09.35,singapore,54.230.158.205,0.784,.000686,.000725,.000916,.000685,.000657,
singapore,59,20.11-10.35,singapore,54.192.159.73,0.738,.000828,.000660,.000668,.000612,.000672,
singapore,60,20.11-11.35,singapore,54.230.150.33,1.510,.001249,.001328,.001383,.001359,.001357,
singapore,61,20.11-12.35,singapore,54.230.158.223,0.713,.000585,.000663,.000667,.000627,.000598,
singapore,62,20.11-13.35,singapore,54.230.156.193,0.709,.000575,.000407,.000682,.000691,.000409,
singapore,63,19.11-17.35,ireland,54.192.159.78,0.774,.000627,.000696,.000675,.000418,.000711,
singapore,64,19.11-18.35,ireland,54.230.157.230,1.510,.000716,.000622,.000730,.000671,.000624,
singapore,65,19.11-19.35,ireland,54.192.157.141,0.743,.000718,.000459,.000637,.000653,.000717,
singapore,66,19.11-20.35,ireland,54.230.158.182,0.695,.000711,.000677,.000461,.000409,.000695,
singapore,67,19.11-21.35,ireland,54.230.158.182,0.722,.000429,.000659,.000619,.000639,.000686,
singapore,68,19.11-22.35,ireland,54.230.149.156,1.535,.001218,.001474,.001458,.001180,.001385,
singapore,69,19.11-23.35,ireland,54.230.150.74,1.504,.001412,.001374,.001519,.001650,.001437,
singapore,70,20.11-00.35,ireland,54.230.150.45,1.417,.001628,,,.001391,.001196,
singapore,71,20.11-01.35,ireland,54.230.150.40,1.455,.001414,.001463,.001441,.001458,.001461,
singapore,72,20.11-02.35,ireland,54.230.150.69,1.536,.001454,.001391,.001397,.001186,.001343,
singapore,73,20.11-03.35,ireland,54.192.159.180,0.759,.000448,.000410,.000632,.000601,.000398,
singapore,74,20.11-04.35,ireland,54.230.149.226,1.445,.001469,.001406,.001418,.001438,.001418,
singapore,75,20.11-05.35,ireland,54.192.159.101,0.711,.000422,.000665,.000392,.000598,.000704,
singapore,76,20.11-06.35,ireland,54.230.156.193,0.719,.000652,.000589,.000473,.000712,.000661,
singapore,77,20.11-07.35,ireland,54.230.158.225,0.698,.000692,.000630,.000646,.000887,.000436,
singapore,78,20.11-08.35,ireland,54.230.150.27,1.873,.001247,.001168,.001208,.001457,.001493,
singapore,79,20.11-09.35,ireland,54.230.156.40,1.113,.000675,.000515,.000644,.000685,.000656,
singapore,80,20.11-10.35,ireland,54.230.158.205,0.748,.000472,.000637,.000576,.000710,.000479,
singapore,81,20.11-11.35,ireland,54.192.159.162,0.736,.000644,.000560,.000629,.000819,.000690,
singapore,82,20.11-12.35,ireland,54.230.158.243,0.762,.000429,.000662,.000686,.000689,.000658,
singapore,83,20.11-13.35,ireland,54.230.157.86,0.720,.000436,.000620,.000705,.000437,.000564,
singapore,84,19.11-17.35,sydney,54.230.158.152,0.666,.000695,.000658,.000630,.000631,.000675,
singapore,85,19.11-18.35,sydney,54.230.150.31,1.539,.001370,.001454,.001393,,.001432,
singapore,86,19.11-19.35,sydney,54.230.158.80,0.680,.000488,.000696,.000567,.000532,.000877,
singapore,87,19.11-20.35,sydney,54.230.150.155,1.540,.001454,.001425,.001396,.001459,.001199,
singapore,88,19.11-21.35,sydney,54.230.150.29,1.593,.001208,.001537,.001441,.001502,.001475,
singapore,89,19.11-22.35,sydney,54.230.149.71,1.566,.001215,.001472,.001445,.001454,.001420,
singapore,90,19.11-23.35,sydney,54.230.159.153,0.736,.000903,.000525,.000349,.000401,.000404,
singapore,91,20.11-00.35,sydney,54.230.158.211,0.764,.000653,.000698,.000688,.000660,.000577,
singapore,92,20.11-01.35,sydney,54.230.159.4,0.728,,,,.000639,.000641,
singapore,93,20.11-02.35,sydney,54.230.156.40,0.723,.000722,.000719,.000414,.000634,.000689,
singapore,94,20.11-03.35,sydney,54.230.149.227,1.481,.001459,.001568,.001414,.001358,.001428,
singapore,95,20.11-04.35,sydney,54.192.159.168,0.817,.000716,.000700,.000616,.000644,.000395,
singapore,96,20.11-05.35,sydney,54.192.159.164,0.700,,,,.000640,.000594,
singapore,97,20.11-06.35,sydney,54.192.159.174,0.698,.000710,.000684,.000598,.000661,.000661,
singapore,98,20.11-07.35,sydney,54.230.150.151,1.507,.001393,.001214,.001452,.001393,.001394,
singapore,99,20.11-08.35,sydney,54.230.149.215,1.599,.001375,.001215,.001437,.001212,.001381,
singapore,100,20.11-09.35,sydney,54.230.151.252,1.532,.001420,.001220,.001448,.001428,.001454,
singapore,101,20.11-10.35,sydney,54.230.149.214,1.516,.001220,.001247,.001434,.001436,.001423,
singapore,102,20.11-11.35,sydney,54.230.157.230,0.739,.000675,.000438,.000592,.000567,.000420,
singapore,103,20.11-12.35,sydney,54.192.159.164,0.696,,.000683,.000683,.000439,.000643,
singapore,104,20.11-13.35,sydney,54.230.158.149,0.946,.000693,.000694,.000771,.000663,.000603,
singapore,105,19.11-17.35,usstandard,54.230.159.152,0.703,.000459,.000675,.000680,.000543,.000683,
singapore,106,19.11-18.35,usstandard,54.240.168.128,0.699,.000658,.000723,.000671,.000601,.000366,
singapore,107,19.11-19.35,usstandard,54.230.150.32,1.586,.001469,.001444,.001469,.001284,.002281,
singapore,108,19.11-20.35,usstandard,54.230.156.193,0.716,.000479,.000609,.000864,.000677,.000650,
singapore,109,19.11-21.35,usstandard,54.192.157.146,0.732,.000736,.000668,.000490,.000687,.000466,
singapore,110,19.11-22.35,usstandard,54.230.159.153,0.635,.000650,.000674,.000696,.000707,.000657,
singapore,111,19.11-23.35,usstandard,54.230.156.193,0.638,.000710,.000613,,.000419,.000710,
singapore,112,20.11-00.35,usstandard,54.192.159.173,0.640,,,,.000433,.000723,
singapore,113,20.11-01.35,usstandard,54.192.159.180,0.700,.000432,.000556,.000646,.000648,.000630,
singapore,114,20.11-02.35,usstandard,54.230.159.132,0.718,.000673,.000599,.000678,.000663,.000641,
singapore,115,20.11-03.35,usstandard,54.192.156.109,0.702,.000606,.000524,.000713,.000668,.000903,
singapore,116,20.11-04.35,usstandard,54.230.150.38,1.625,.001387,.001477,.001418,.001403,.001406,
singapore,117,20.11-05.35,usstandard,54.230.158.211,0.746,.000780,.000472,.000435,.000658,.000751,
singapore,118,20.11-06.35,usstandard,54.230.159.4,0.724,.000708,.000364,.000676,.000627,.000660,
singapore,119,20.11-07.35,usstandard,54.230.150.16,1.491,.001465,.001229,.001474,.001420,.001637,
singapore,120,20.11-08.35,usstandard,54.230.159.124,0.730,.000643,.000516,.000720,.000428,.000583,
singapore,121,20.11-09.35,usstandard,54.230.149.232,1.479,.001483,.001392,.001480,.001285,.001427,
singapore,122,20.11-10.35,usstandard,54.192.157.155,0.692,.000561,.000390,.000660,.000403,.000715,
singapore,123,20.11-11.35,usstandard,54.230.150.27,1.561,.001203,.001402,.001437,.001437,.001466,
singapore,124,20.11-12.35,usstandard,54.230.150.15,1.455,.001529,.001450,.001510,.001396,.001422,
singapore,125,20.11-13.35,usstandard,54.230.150.69,1.503,,,,.001434,.001364,
singapore,126,20.11-14.35,usstandard,54.230.158.138,0.693,.000501,.000454,.000599,.000761,.000711,
singapore,127,19.11-17.35,saopaulo,,0.679,.000647,.000661,.000428,.000713,,
singapore,128,19.11-18.35,saopaulo,54.192.156.106,0.678,.000665,.000706,.000674,.000706,.000624,
singapore,129,19.11-19.35,saopaulo,54.230.158.182,0.862,.000683,.000652,.000656,.000708,.000474,
singapore,130,19.11-20.35,saopaulo,,1.566,.001453,.001243,.001464,.001437,,
singapore,131,19.11-21.35,saopaulo,54.230.158.152,0.721,,,,.000450,.000549,
singapore,132,19.11-22.35,saopaulo,54.192.156.109,0.756,.000673,.000640,.000669,.000662,.000915,
singapore,133,19.11-23.35,saopaulo,54.230.159.132,0.651,.000448,.000667,.000661,.000650,.000604,
singapore,134,20.11-00.35,saopaulo,54.230.156.40,0.741,.000624,.000676,.000439,.000637,.000652,
singapore,135,20.11-01.35,saopaulo,54.230.158.231,0.742,.000663,.000420,.000631,.000672,.000700,
singapore,136,20.11-02.35,saopaulo,54.230.159.148,0.708,.000389,.000641,.000654,.000483,.000694,
singapore,137,20.11-03.35,saopaulo,54.230.150.15,1.440,.001214,.001446,.001180,.001405,.001453,
singapore,138,20.11-04.35,saopaulo,54.192.159.98,0.715,.000742,.000661,.001093,.000679,.000458,
singapore,139,20.11-05.35,saopaulo,54.230.150.36,1.540,.001456,.001446,.001754,.001412,.001470,
singapore,140,20.11-06.35,saopaulo,54.230.150.220,1.418,.001448,.001457,.001415,.001430,.001383,
singapore,141,20.11-07.35,saopaulo,54.192.159.158,0.655,.000653,.000683,.000632,.000620,.000435,
singapore,142,20.11-08.35,saopaulo,54.230.151.219,1.715,.001405,.001361,.001439,.001354,.001340,
singapore,143,20.11-09.35,saopaulo,54.230.158.189,0.895,.000406,.000619,.000700,.000577,.000584,
singapore,144,20.11-10.35,saopaulo,54.192.156.102,0.702,.000621,.000402,,.000688,.000691,
singapore,145,20.11-11.35,saopaulo,54.192.157.136,0.666,.000607,.000713,,.000635,.000488,
singapore,146,20.11-12.35,saopaulo,54.230.150.47,1.550,,.001223,.001690,.001439,.001422,
singapore,147,20.11-13.35,saopaulo,54.230.159.125,0.717,.000453,.000667,.000635,.000639,.000620,
singapore,148,20.11-14.35,saopaulo,54.230.149.97,1.464,.001475,.001511,.001176,.001474,.001163,
singapore,149,19.11-17.35,tokyo,54.192.157.146,0.690,.000410,.000680,.000659,.000384,.000598,
singapore,150,19.11-18.35,tokyo,54.192.157.151,0.654,.000687,.000433,.000608,.000403,.000675,
singapore,151,19.11-19.35,tokyo,54.230.158.182,0.752,.000656,.000691,.000443,.000684,.000457,
singapore,152,19.11-20.35,tokyo,54.230.158.152,0.675,.000417,.000685,.000626,.000741,.000684,
singapore,153,19.11-21.35,tokyo,54.192.159.173,0.754,.000435,.000625,.000427,.000638,.000448,
singapore,154,19.11-22.35,tokyo,54.230.158.246,0.718,.000419,,,.000635,.000626,
singapore,155,19.11-23.35,tokyo,54.230.150.30,1.580,.001436,,.001731,.001388,.001449,
singapore,156,20.11-00.35,tokyo,54.230.158.241,0.662,.000677,.000678,.000702,.000747,.000673,
singapore,157,20.11-01.35,tokyo,54.230.156.193,0.828,.000659,.000611,.000703,.000622,.000691,
singapore,158,20.11-02.35,tokyo,54.192.159.180,0.640,.000661,.000422,.000683,.000657,.000669,
singapore,159,20.11-03.35,tokyo,54.230.158.241,0.815,.000634,.000422,.000374,.000714,.000675,
singapore,160,20.11-04.35,tokyo,54.192.156.100,0.742,.000696,.000683,.000610,.000416,.000568,
singapore,161,20.11-05.35,tokyo,54.230.158.180,0.610,.000415,.000628,.000665,.000651,.000705,
singapore,162,20.11-06.35,tokyo,54.230.150.65,1.570,.001506,.001431,.001508,.001513,.001467,
singapore,163,20.11-07.35,tokyo,54.230.150.42,1.560,.001631,.001461,.001460,.001458,.001200,
singapore,164,20.11-08.35,tokyo,54.192.159.174,0.668,,,.000369,.000458,.000595,
singapore,165,20.11-09.35,tokyo,54.230.151.226,1.521,.001215,.001239,.001517,.001455,.001445,
singapore,166,20.11-10.35,tokyo,54.230.158.225,0.752,.000757,.000655,.000758,.000457,.000597,
singapore,167,20.11-11.35,tokyo,54.230.158.246,0.724,.000436,.000436,.000681,.000652,.000729,
singapore,168,20.11-12.35,tokyo,54.192.159.168,0.708,.000436,.000677,.000440,.000617,.000651,
singapore,169,20.11-13.35,tokyo,54.230.158.182,0.787,.000697,.000444,.000574,.000449,.000707,
singapore,170,20.11-14.35,tokyo,54.230.159.137,0.729,.000666,.000690,.000433,.000404,.000505,
singapore,171,19.11-17.35,frankfurt,54.230.159.147,0.663,.000645,.000657,.000585,.000713,.000660,
singapore,172,19.11-18.35,frankfurt,54.230.159.132,0.687,.000670,.000446,.000560,.000730,.000672,
singapore,173,19.11-19.35,frankfurt,54.230.150.63,1.543,.001470,.001414,.001428,.001422,.001433,
singapore,174,19.11-20.35,frankfurt,54.230.159.150,0.739,.000686,.000657,.000921,.000671,.000374,
singapore,175,19.11-21.35,frankfurt,54.230.150.29,1.550,.001394,.001468,.001457,.001195,.001405,
singapore,176,19.11-22.35,frankfurt,54.230.159.132,0.830,.000582,.000646,.000662,.000717,.000713,
singapore,177,19.11-23.35,frankfurt,54.230.158.246,0.793,.000713,.000597,.000674,.000652,.000462,
singapore,178,20.11-00.35,frankfurt,54.230.156.40,0.761,.000382,.000363,.000755,.000685,.000645,
singapore,179,20.11-01.35,frankfurt,54.230.150.63,1.512,,.001432,.001437,.002001,.001380,
singapore,180,20.11-02.35,frankfurt,54.230.159.7,0.711,.000654,.000665,.000425,.000623,.000637,
singapore,181,20.11-03.35,frankfurt,54.192.157.146,0.890,,,,.000644,.000407,
singapore,182,20.11-04.35,frankfurt,54.230.150.31,1.504,.001235,.001390,.001480,.001484,.001182,
singapore,183,20.11-05.35,frankfurt,54.230.159.145,0.700,.000705,.000666,.000415,.000673,.000662,
singapore,184,20.11-06.35,frankfurt,54.230.159.130,0.762,,,.000703,.000425,.000644,
singapore,185,20.11-07.35,frankfurt,54.192.159.158,0.677,,,,.000682,.000463,
singapore,186,20.11-08.35,frankfurt,54.230.158.223,0.681,.000674,.000630,.000613,.000648,.000706,
singapore,187,20.11-09.35,frankfurt,54.230.158.190,0.705,.000406,.000703,.000670,.000722,.000662,
singapore,188,20.11-10.35,frankfurt,54.230.158.147,0.678,.000649,.000668,.000400,.000709,.000649,
singapore,189,20.11-11.35,frankfurt,54.230.150.31,1.509,.001591,.001467,.001489,.001451,.001409,
singapore,190,20.11-12.35,frankfurt,54.192.157.142,1.262,,.000702,.000638,.000692,.000549,
singapore,191,20.11-13.35,frankfurt,54.192.159.169,0.780,.000611,.000697,.000422,.000664,.000710,
singapore,192,20.11-14.35,frankfurt,54.230.151.44,1.568,.001416,.001429,.001399,.001444,.001471,
